[{"id":42,"name":"Classic Chocolate","description":"Our timeless collection of handcrafted chocolates, made with the finest cocoa beans.","image":"/uploads/1742792807445-327362076.jpeg","rating":0,"reviewCount":0,"basePrice":800,"category":"classic","featured":true,"inventory":100,"sizeOptions":"[{\"id\":\"small\",\"label\":\"Small Box\",\"price\":0,\"quantity\":5,\"boxTypeId\":1},{\"id\":\"medium\",\"label\":\"Medium Box\",\"price\":700,\"quantity\":10,\"boxTypeId\":2},{\"id\":\"large\",\"label\":\"Large Box\",\"price\":1900,\"quantity\":25,\"boxTypeId\":3}]","typeOptions":"[{\"id\":\"milk\",\"label\":\"Milk Chocolate\",\"value\":\"milk\",\"price\":0},{\"id\":\"dark\",\"label\":\"Dark Chocolate\",\"value\":\"dark\",\"price\":200}]","shapeOptions":null,"shapesEnabled":false,"mixedTypeEnabled":false,"enableMixedSlider":false,"mixedTypeFee":0,"allergyInfo":"","ingredients":"","salePrice":0,"saleType":"percentage","saleValue":0,"saleActive":false,"saleStartDate":null,"saleEndDate":null,"hasMultipleImages":true,"displayOrder":10,"visible":true,"createdAt":"2025-03-20T16:10:15.402Z"},{"id":46,"name":"Assorted Nuts Chocolate","description":"A delightful mix of premium chocolates with assorted nuts from around the world.","image":"https://images.unsplash.com/photo-1624454002302-c8d1d73b916c?ixlib=rb-1.2.1&auto=format&fit=crop&w=500&q=80","rating":0,"reviewCount":0,"basePrice":900,"category":"assorted","featured":true,"inventory":80,"sizeOptions":"[{\"id\":\"standard\",\"label\":\"Standard Bag\",\"price\":0,\"quantity\":0}]","typeOptions":"[{\"id\":\"milk\",\"label\":\"Milk Chocolate\",\"value\":\"milk\",\"price\":0},{\"id\":\"dark\",\"label\":\"Dark Chocolate\",\"value\":\"dark\",\"price\":200}]","shapeOptions":null,"shapesEnabled":false,"mixedTypeEnabled":false,"enableMixedSlider":false,"mixedTypeFee":0,"allergyInfo":"","ingredients":"","salePrice":0,"saleType":"percentage","saleValue":0,"saleActive":false,"saleStartDate":null,"saleEndDate":null,"hasMultipleImages":false,"displayOrder":50,"visible":true,"createdAt":"2025-03-29T23:59:33.892Z"}]