[{"id":41,"name":"Cereal Chocolate","description":"The perfect combination of crunchy cereal and smooth chocolate for a textural delight.","image":"/uploads/1743292399145-289263257.jpeg","rating":0,"reviewCount":0,"basePrice":1500,"category":"cereal","featured":false,"inventory":85,"sizeOptions":"[{\"id\":\"standard\",\"label\":\"Standard Box\",\"price\":0,\"quantity\":0}]","typeOptions":"[{\"id\":\"milk\",\"label\":\"Milk Chocolate\",\"value\":\"milk\",\"price\":0},{\"id\":\"dark\",\"label\":\"Dark Chocolate\",\"value\":\"dark\",\"price\":200}]","shapeOptions":null,"shapesEnabled":false,"mixedTypeEnabled":false,"enableMixedSlider":false,"mixedTypeFee":0,"allergyInfo":"cereal","ingredients":"","salePrice":0,"saleType":"percentage","saleValue":0,"saleActive":false,"saleStartDate":null,"saleEndDate":null,"hasMultipleImages":true,"displayOrder":60,"visible":false,"createdAt":"2025-03-20T14:01:50.723Z"},{"id":42,"name":"Classic Chocolate","description":"Our timeless collection of handcrafted chocolates, made with the finest cocoa beans.","image":"/uploads/1742792807445-327362076.jpeg","rating":0,"reviewCount":0,"basePrice":800,"category":"classic","featured":true,"inventory":100,"sizeOptions":"[{\"id\":\"small\",\"label\":\"Small Box\",\"price\":0,\"quantity\":5,\"boxTypeId\":1},{\"id\":\"medium\",\"label\":\"Medium Box\",\"price\":700,\"quantity\":10,\"boxTypeId\":2},{\"id\":\"large\",\"label\":\"Large Box\",\"price\":1900,\"quantity\":25,\"boxTypeId\":3}]","typeOptions":"[{\"id\":\"milk\",\"label\":\"Milk Chocolate\",\"value\":\"milk\",\"price\":0},{\"id\":\"dark\",\"label\":\"Dark Chocolate\",\"value\":\"dark\",\"price\":200}]","shapeOptions":null,"shapesEnabled":false,"mixedTypeEnabled":false,"enableMixedSlider":false,"mixedTypeFee":0,"allergyInfo":"","ingredients":"","salePrice":0,"saleType":"percentage","saleValue":0,"saleActive":false,"saleStartDate":null,"saleEndDate":null,"hasMultipleImages":true,"displayOrder":10,"visible":true,"createdAt":"2025-03-20T16:10:15.402Z"},{"id":44,"name":"Caramel Chocolate","description":"Smooth caramel wrapped in rich chocolate, crafted to perfection for a luxurious treat.","image":"/uploads/1743291047091-28168151.jpeg","rating":0,"reviewCount":0,"basePrice":800,"category":"caramel","featured":false,"inventory":90,"sizeOptions":"[{\"id\":\"small\",\"label\":\"Small Box\",\"price\":0,\"quantity\":5,\"boxTypeId\":1},{\"id\":\"medium\",\"label\":\"Medium Box\",\"price\":700,\"quantity\":10,\"boxTypeId\":2},{\"id\":\"large\",\"label\":\"Large Box\",\"price\":1900,\"quantity\":25,\"boxTypeId\":3}]","typeOptions":"[{\"id\":\"milk\",\"label\":\"Milk Chocolate\",\"value\":\"milk\",\"price\":0},{\"id\":\"dark\",\"label\":\"Dark Chocolate\",\"value\":\"dark\",\"price\":200}]","shapeOptions":null,"shapesEnabled":false,"mixedTypeEnabled":false,"enableMixedSlider":false,"mixedTypeFee":0,"allergyInfo":"caramel","ingredients":"","salePrice":0,"saleType":"percentage","saleValue":0,"saleActive":false,"saleStartDate":null,"saleEndDate":null,"hasMultipleImages":true,"displayOrder":20,"visible":true,"createdAt":"2025-03-20T16:21:18.492Z"},{"id":47,"name":"Dubai Bar","description":"A larger take on our most-loved classic, handcrafted with the same signature richness and smooth texture.","image":"","rating":0,"reviewCount":0,"basePrice":500,"category":"classic","featured":false,"inventory":100,"sizeOptions":null,"typeOptions":"[{\"id\":\"milk\",\"label\":\"Milk\",\"price\":0},{\"id\":\"dark\",\"label\":\"Dark\",\"price\":200}]","shapeOptions":"[{\"id\":\"rectangular\",\"label\":\"Rectangular\",\"price\":0},{\"id\":\"curved\",\"label\":\"Curved\",\"price\":0}]","shapesEnabled":true,"mixedTypeEnabled":false,"enableMixedSlider":false,"mixedTypeFee":0,"allergyInfo":"","ingredients":"","salePrice":0,"saleType":"percentage","saleValue":0,"saleActive":false,"saleStartDate":null,"saleEndDate":null,"hasMultipleImages":false,"displayOrder":40,"visible":true,"createdAt":"2025-04-09T23:15:05.242Z"},{"id":48,"name":"Signature Collection","description":"A curated box of handcrafted favorites including Classic Milk, Dark, Caramel and Chocolate Covered Nuts. Perfect for those who crave variety in every bite.","image":"","rating":0,"reviewCount":0,"basePrice":1000,"category":"premium","featured":false,"inventory":100,"sizeOptions":"[{\"id\":\"small\",\"label\":\"Small\",\"price\":0,\"quantity\":5,\"boxTypeId\":1},{\"id\":\"large\",\"label\":\"Large\",\"price\":2000,\"quantity\":25,\"boxTypeId\":3}]","typeOptions":null,"shapeOptions":null,"shapesEnabled":false,"mixedTypeEnabled":false,"enableMixedSlider":false,"mixedTypeFee":0,"allergyInfo":"","ingredients":"","salePrice":0,"saleType":"percentage","saleValue":0,"saleActive":false,"saleStartDate":null,"saleEndDate":null,"hasMultipleImages":false,"displayOrder":30,"visible":true,"createdAt":"2025-04-10T21:03:51.112Z"},{"id":46,"name":"Assorted Nuts Chocolate","description":"A delightful mix of premium chocolates with assorted nuts from around the world.","image":"https://images.unsplash.com/photo-1624454002302-c8d1d73b916c?ixlib=rb-1.2.1&auto=format&fit=crop&w=500&q=80","rating":0,"reviewCount":0,"basePrice":900,"category":"assorted","featured":true,"inventory":80,"sizeOptions":"[{\"id\":\"standard\",\"label\":\"Standard Bag\",\"price\":0,\"quantity\":0}]","typeOptions":"[{\"id\":\"milk\",\"label\":\"Milk Chocolate\",\"value\":\"milk\",\"price\":0},{\"id\":\"dark\",\"label\":\"Dark Chocolate\",\"value\":\"dark\",\"price\":200}]","shapeOptions":null,"shapesEnabled":false,"mixedTypeEnabled":false,"enableMixedSlider":false,"mixedTypeFee":0,"allergyInfo":"","ingredients":"","salePrice":0,"saleType":"percentage","saleValue":0,"saleActive":false,"saleStartDate":null,"saleEndDate":null,"hasMultipleImages":false,"displayOrder":50,"visible":true,"createdAt":"2025-03-29T23:59:33.892Z"}]