[{"id":1,"name":"Classic","slug":"classic","description":"Our timeless traditional chocolate selections","image":null},{"id":2,"name":"Premium","slug":"premium","description":"Luxury chocolates for discerning connoisseurs","image":null},{"id":3,"name":"Seasonal","slug":"seasonal","description":"Limited edition seasonal chocolate collections","image":null},{"id":4,"name":"Assorted","slug":"assorted","description":"Mixed chocolate collections with a variety of flavors","image":null},{"id":7,"name":"None","slug":"none","description":"Products with no specific category","image":null}]