{"41":[{"id":13,"userId":0,"productId":41,"rating":5,"comment":"Best Chocolate in Virginia.......I don't wanna say wallah. But trust me when I say this chocolate is heavenly :)","userName":"Latif Alqahtani","createdAt":"2025-04-07T23:09:45.062Z"}],"42":[{"id":7,"userId":0,"productId":42,"rating":5,"comment":"Amazing chocolate!!","userName":"Hala ","createdAt":"2025-03-21T15:34:13.589Z"},{"id":8,"userId":0,"productId":42,"rating":5,"comment":"One of the best homemade chocolates I've ever tasted!","userName":"Saud Aljohani","createdAt":"2025-03-22T20:28:08.252Z"},{"id":9,"userId":0,"productId":42,"rating":5,"comment":"The best chocolate I've ever tasted!","userName":"Jana","createdAt":"2025-03-23T22:20:24.028Z"},{"id":10,"userId":0,"productId":42,"rating":5,"comment":"the best chocolate i have ever tasted in my whole life ","userName":"leen ","createdAt":"2025-03-30T02:32:13.313Z"},{"id":12,"userId":0,"productId":42,"rating":5,"comment":"So good and creamy, best chocolate I ever had!!!","userName":"Sarah .B","createdAt":"2025-03-30T04:29:16.285Z"},{"id":14,"userId":0,"productId":42,"rating":5,"comment":"Best chocolate i’ve ever tasted \n10/10 ","userName":"Turki","createdAt":"2025-04-16T16:42:54.808Z"}],"44":[{"id":11,"userId":0,"productId":44,"rating":5,"comment":"It’s so good and delicious!!","userName":"Sarah .B","createdAt":"2025-03-30T04:26:03.613Z"}],"46":[],"47":[],"48":[]}